{"weights": [[[1.9970922076063111, -0.3311071685455898], [1.7857178628485908, 1.314038983519974], [-0.4631195294894126, 1.678413142837789]], [[-0.5518551220392357, -0.45111034599483535, 0.5040650168381532]]], "biases": [[[0.3918189057599934], [0.24135501981978497], [3.1693730874524007]], [[0.354311107062416]]], "sizes": [2, 3, 1]}