{"weights": [[[-0.28938011001249475, -2.45107620822667], [-1.0714070180290303, 2.4713645694555697], [1.2097459569945084, 0.8178308987926742]], [[-1.1277280725138235, 3.0559064175243926, -0.6406576649812402]]], "biases": [[[-0.4250303208749178], [-0.6336339538246], [-0.5798743072048815]], [[-0.8920663666606218]]], "sizes": [2, 3, 1]}