{"weights": [[[-1.4699297733294843, 1.4361518631491392], [-0.5374027984272515, 0.5342951361338033], [0.7063747084433349, 0.06486596489037466]], [[1.6773578198500232, 0.019350040760440366, 0.10492181918981054]]], "biases": [[[-0.8617325966587143], [0.8891736494366848], [0.20597419419474106]], [[-0.5308584459222191]]], "sizes": [2, 3, 1]}
