{"weights": [[[1.5701628241458858, -1.669621619438981], [-0.9973221346184166, 0.8180545883074297], [-0.5041500862866584, 0.2170701067900494]], [[-0.9022802897025209, -0.1398122283595718, 1.1010084100916435]]], "biases": [[[-0.3607333817036526], [-0.7780418270491709], [0.46766096342701535]], [[-0.2027610119171745]]], "sizes": [2, 3, 1]}