{"weights": [[[-2.0298016590886383, 1.1780471357909157], [0.35335040366248477, 0.54883862399319], [0.3411400737305729, -0.423282369114673]], [[1.0872547556890553, -1.4390564174668032, 2.463862469588223]]], "biases": [[[-0.423149292131251], [-0.353862883205498], [-0.8819543506777471]], [[-0.29171987127291266]]], "sizes": [2, 3, 1]}