{"weights": [[[-0.8980030746863137, 0.9566592737911749], [0.009036863395458172, 0.13999531539897836], [0.5419978787783255, 0.025125470057487886]], [[-1.0165657608155496, 1.2145788926500083, 0.006616622076811809], [0.323957096205984, -0.5076488755866402, 2.1679422823791294], [0.9575298624723276, 0.3292565570262319, 0.027798939662201705]], [[-0.378579242191674, -0.2360795415283941, 0.011226468791894944]]], "biases": [[[-0.8377377312566079], [-1.339876665649467], [0.9128213104831326]], [[0.1592474270564492], [0.620215839797592], [-0.5988632806303901]], [[0.41133440323306913]]], "sizes": [2, 3, 3, 1]}