{"weights": [[[0.3188132279049488, 0.4804805632010935], [-2.259620063422805, -0.4961281965922471], [-0.5456824672400888, 0.5615373815675755]], [[-0.08369516171844717, 0.7962615687775974, 0.04871681153855593]]], "biases": [[[-0.08859079952932782], [0.33064324189805916], [0.3792507826667142]], [[-0.17589018817016625]]], "sizes": [2, 3, 1]}