{"weights": [[[0.5829744905713178, -0.29505849138811646], [-1.8938586010898297, 1.1769992447785143], [0.18926450999971225, -0.8059096189372045]], [[-0.29077534109479825, 0.7755584251038768, -2.401397074260621]]], "biases": [[[0.9845039503092287], [-0.517675587866268], [-1.5116283517709732]], [[0.3765520606099731]]], "sizes": [2, 3, 1]}