{"weights": [[[1.3921882680022786, -3.0140828972321096], [-0.017079002298101942, -0.21040664682190172], [-0.3707142483267988, -1.3521640317669794]], [[-0.3405708581839548, 0.1436081342255927, 0.8806587436418793]]], "biases": [[[-0.4042781374686719], [-0.4862551833411181], [0.7623938259221039]], [[-0.3786014943160079]]], "sizes": [2, 3, 1]}