{"weights": [[[-0.4087420357089474, -0.4946611787100278], [0.6955492276090741, 0.1301238095825158], [-1.4609470025416162, -0.09676821294208628]], [[0.4890162944978064, -0.0013690829999910318, 0.7833344274235301]]], "biases": [[[0.9413926571275462], [-1.4692204992183981], [0.14544866383894217]], [[-0.5723366475798388]]], "sizes": [2, 3, 1]}