{"weights": [[[0.044059034998653705, 0.04920549345714143], [1.7931330394314713, -1.1578829842856828], [-0.7122519344415619, 0.3558608936793679]], [[-0.15283538404853245, 0.014535759838465388, 1.60187358865126]]], "biases": [[[1.2229817900746254], [0.947754092258487], [-0.8788755180267173]], [[-0.2932529232414461]]], "sizes": [2, 3, 1]}