{"weights": [[[0.7990966776424422, 1.102125544169606], [1.0247827249896397, -1.260589964607879], [-1.8889023761884713, 2.2475717591587236]], [[-1.2109168481558241, -0.46715946999806096, 0.6423262000012182]]], "biases": [[[-0.5683135408436907], [-0.8887469143874824], [0.429626137688593]], [[0.5178654881747152]]], "sizes": [2, 3, 1]}