{"weights": [[[0.04879103589668998, -0.1345296983813101], [0.5843296902412674, -0.46356440465139404], [0.2269229152806269, 0.12175666050978207]], [[0.4476174849887328, -1.0802882470331503, 1.2592589085011536], [-1.4648909205085872, -0.25975250787829735, -0.48041304596857926], [-0.2778534848344994, 2.909563890570417, 1.1157636069029095]], [[0.21708706034306455, 0.195606553031125, -0.46753765737255054]]], "biases": [[[0.497630201373486], [0.2923669821846525], [-0.15145385012525617]], [[2.1606463897194392], [-0.41283119998715156], [0.2513943914115617]], [[0.199147225899602]]], "sizes": [2, 3, 3, 1]}