{"weights": [[[-1.7029998216964435, 0.6140031065623747], [0.3173267237770332, -0.37670965768074954], [0.33356825160073333, 0.8523427796274033]], [[0.9463156285326939, -1.3982764709624536, 0.5361110124808289]]], "biases": [[[0.25876286016615324], [-1.7785046223489214], [0.010079654868003884]], [[-0.5190294486967398]]], "sizes": [2, 3, 1]}